User Number,Username,Password,Role Number,Login Attempts Remainding,Locked,
3001 ,admin           ,11044317160d4a00                                                ,1 ,3,0,
3002 ,admin2          ,11044317160d4a00                                                ,1 ,3,0,
3007 ,doctor          ,11044317160d4a00                                                ,2 ,3,0,
3012 ,doctor2         ,11044317160d4a00                                                ,2 ,3,0,
3003 ,psychologist    ,11044317160d4a00                                                ,3 ,3,0,
3010 ,psychologist2   ,11044317160d4a00                                                ,3 ,3,0,
3004 ,dietitian       ,11044317160d4a00                                                ,4 ,3,0,
3009 ,dietitian2      ,11044317160d4a00                                                ,4 ,3,0,
3005 ,nurse           ,11044317160d4a00                                                ,5 ,3,0,
3008 ,nurse2          ,11044317160d4a00                                                ,5 ,3,0,
3006 ,receptionist    ,11044317160d4a00                                                ,6 ,3,0,
3011 ,receptionist2   ,11044317160d4a00                                                ,6 ,3,0,
1001 ,patient         ,11044317160d4a00                                                ,7 ,3,1,
1002 ,patient1        ,11044317160d4a00                                                ,7 ,3,0,
1003 ,patient2        ,11044317160d4a00                                                ,7 ,3,0,
1004 ,patient3        ,11044317160d4a00                                                ,7 ,3,0,
1005 ,patient4        ,11044317160d4a00                                                ,7 ,3,0,
1006 ,patient5        ,11044317160d4a00                                                ,7 ,3,0,
1007 ,patient6        ,11044317160d4a00                                                ,7 ,3,0,
1008 ,patient7        ,11044317160d4a00                                                ,7 ,3,0,
1009 ,patient8        ,11044317160d4a00                                                ,7 ,3,0,
1010 ,patient9        ,11044317160d4a00                                                ,7 ,3,0,
1011 ,patient10       ,11044317160d4a00                                                ,7 ,3,0,
1012 ,patient11       ,11044317160d4a00                                                ,7 ,3,0,
